transit_time,177282821,271972426,306894095,55452078,55557707,231097055,177238322,294399068,388182039,149422364,177077336,261258146,167794129,300809119,349275562,300510333,306779124,453099619,31266926,277301936,364588606,25132314,30631031,388131027,349156177,349829477,349902873,38906005,391925969,404852431,149503727,220414682,300739852,141627237,167203674,231091547,140802488,141269997,141610486,32072326,271723402,272128326,167004255,294626591,349574361,167888736,349271114,349483265,141807629,177310181,300138745,25078597,177306969,277108325,31189268,40898510,277018227
1,13381.5854093768,10947.8147663494,6842.34399918482,1855.95322536157,2407.35367333493,2103.45116330476,2014.55885864887,1193.20683602452,1859.82040864873,1670.73803190704,1635.99830640395,963.479827111233,880.429382937093,965.829720136554,1074.83686156553,1330.41339135963,1692.20857644932,606.474716770096,1319.09733653006,1192.5959843692,1354.18525033635,782.8265609957,1004.08135519942,999.91774237085,409.013389117949,644.094155314663,2478.38565818531,1257.1777385004,1520.43515973805,1541.25123336112,1879.29583175764,862.463474706013,1750.50631395797,1227.75697794984,1081.14368974638,1174.84458387754,960.386779950176,942.532520447945,900.148340805463,1001.94145876459,954.208162628656,991.53334280445,1540.45418967347,1309.60181925277,1289.70463333295,3952.51012097869,2690.33632384421,3407.7716106067,2193.63080684543,4552.24668112009,3345.49317173023,4413.93390753782,6158.17978285565,5730.1006894443,10415.1974681864,20309.2691862001,12301.3846893396
2,9462.20978599732,7741.27406045985,4838.26784103467,1312.35711121821,1702.25610712947,1487.36458146753,1424.50823005005,843.724645111086,1315.09162274465,1181.39019194774,1156.82549646794,681.283119286796,622.557587030706,682.944744580063,760.024433482255,940.744330811783,1196.57215958935,428.842384846326,932.742671705522,843.292707763309,957.553573495637,553.541969773004,709.992735124485,707.048616259171,289.216141041393,455.44334494562,1752.48330529832,888.958904050401,1075.11001180523,1089.82919862178,1328.86282649144,609.853771490334,1237.79488510955,868.155284757434,764.484034456713,830.740572100098,679.096004664682,666.47113669759,636.500995857362,708.479599844385,674.727062458278,701.119950469592,1089.26560362534,926.028327047873,911.958891957437,2794.84670925249,1902.35505826273,2409.658414595,1551.13121894012,3218.92449785397,2365.62090814374,3121.12259772923,4354.49068422313,4051.79305438777,7364.65675715154,14360.8219625051,8698.39253181643
3,7725.86193828768,6320.72380238996,3950.42914981738,1071.53509426586,1389.88629133455,1214.42809536123,1163.10609933927,688.898287977661,1073.7678135777,964.601052466876,944.544062596093,556.265337541445,508.316141241187,557.622048912181,620.557351359793,768.114529634963,976.997077138011,350.148340983917,761.581202332951,688.545612610026,781.839218814313,451.965125719656,579.706640712667,577.302777725293,236.143990309409,371.867933954385,1430.896626909,725.831905742411,877.823648760134,889.841814469887,1085.01195435221,497.943519287736,1010.65529158177,708.845821718782,624.19860030774,678.296836757673,554.479565930392,544.171404400597,519.700886874629,578.471170929984,550.912339556593,572.462042378639,889.381641082264,756.09896287681,744.611317229885,2281.98278232177,1553.26640078209,1967.47785672054,1266.49333683487,2628.24084676226,1931.52138327051,2548.38592970218,3555.42675534982,3308.27517553432,6013.2170619205,11725.5620316972,7102.20776179538
4,6690.79270468842,5473.90738317468,3421.17199959241,927.976612680784,1203.67683666746,1051.72558165238,1007.27942932443,596.603418012262,929.910204324364,835.369015953521,817.999153201976,481.739913555617,440.214691468547,482.914860068277,537.418430782766,665.206695679813,846.104288224662,303.237358385048,659.548668265033,596.297992184601,677.092625168176,391.41328049785,502.040677599708,499.958871185425,204.506694558974,322.047077657332,1239.19282909266,628.5888692502,760.217579869025,770.625616680561,939.647915878818,431.231737353006,875.253156978985,613.87848897492,540.571844873192,587.422291938771,480.193389975088,471.266260223972,450.074170402732,500.970729382297,477.104081314328,495.766671402225,770.227094836734,654.800909626385,644.852316666474,1976.25506048934,1345.16816192211,1703.88580530335,1096.81540342272,2276.12334056005,1672.74658586512,2206.96695376891,3079.08989142783,2865.05034472215,5207.59873409318,10154.6345931,6150.69234466982
5,5984.42692441719,4896.01160452663,3059.989261523,830.007514993691,1076.60129189214,940.691957700091,900.938110522652,533.618319313656,831.736971935999,747.176762387671,731.640684838753,430.881277674093,393.739989927107,431.932181782987,480.681657436613,594.978956251231,756.778681809767,271.223738666573,589.918262684028,533.345138148563,605.61005477593,350.090680995754,449.038833033201,447.176808769869,182.916348355061,288.047663038779,1108.36776123258,562.22697661727,679.959274511006,689.268505640172,840.446645928417,385.705391510663,782.850222610521,549.06961250911,483.502156743572,525.406470509527,429.498024932145,421.513357345163,402.558575974933,448.081842254587,426.73486326457,443.427191293671,688.912056866846,585.671738261317,576.773446205782,1767.61626245285,1203.15498049051,1524.0017946221,981.021520328818,2035.82660586647,1496.15003005004,1973.97125308917,2754.02172242603,2562.57893190317,4657.81790758968,9082.58129473703,5501.34647654771
6,5463.00936707426,4469.42666267716,2793.37524043287,757.689731434753,982.798021680884,858.730341493392,822.440210082231,487.124650976807,759.268502400647,682.075945339009,667.893511791188,393.338992314579,359.433790458222,394.298332124939,438.800311261673,543.138992632797,690.841258443724,247.592266330947,538.519232593834,486.875271832795,552.843813421194,319.587605256199,409.9144967468,408.214708927385,166.979016884233,262.950337804977,1011.79670806431,513.240662552014,620.715054724209,629.213181194999,767.219310590919,352.099239136253,714.641210119539,501.229687353101,441.375063084755,479.628292928735,392.076261098754,384.787290179469,367.484021297713,409.040887685514,389.553851139812,404.791792137836,628.887789472089,534.642703898308,526.519711761499,1613.60549993067,1098.32520498223,1391.21693432147,895.546026803511,1858.44692533707,1365.7918681174,1801.98097197279,2514.06636871994,2339.30381065144,4251.98656123064,8291.22442583659,5022.01926976125
7,5057.76387728308,4137.88503876587,2586.16294379974,701.484382753561,909.894162488862,795.029810439129,761.43167735529,450.989792969017,702.946040646722,631.479619766219,618.349237723958,364.161145109119,332.771027743658,365.049321188062,406.250147952508,502.84899634966,639.594722819363,229.22589671743,498.571929649461,450.758912745026,511.833914500248,295.880628584365,379.507080276338,377.933382547775,154.592530071683,243.44470798183,936.741729209639,475.168521411236,574.670473895092,582.538210192158,710.307058678712,325.980552706965,661.629196454449,464.048519154213,408.633904942244,444.04951401302,362.992083168897,356.243807385166,340.224093262667,378.698275448056,360.656785329043,374.764377384161,582.236955994788,494.982961465798,487.462532075246,1493.90840493935,1016.85155085936,1288.01660093877,829.114511886139,1720.58751783756,1264.47756360899,1668.31020326009,2327.57317632311,2165.77448737562,3936.57462235009,7676.18222516464,4649.48638139003
8,4731.10489299866,3870.63703022992,2419.13392051733,656.178555609105,851.128053564735,743.682290733764,712.254115025023,421.862322555543,657.545811372326,590.695095973868,578.412748233971,340.641559643398,311.278793515353,341.472372290031,380.012216741127,470.372165405892,598.286079794676,214.421192423163,466.371335852761,421.646353881655,478.776786747818,276.770984886502,354.996367562243,353.524308129586,144.608070520697,227.72167247281,876.24165264916,444.479452025201,537.555005902613,544.91459931089,664.431413245719,304.926885745167,618.897442554774,434.077642378717,382.242017228357,415.370286050049,339.548002332341,333.235568348795,318.250497928681,354.239799922193,337.363531229139,350.559975234796,544.632801812669,463.014163523937,455.979445978719,1397.42335462625,951.177529131366,1204.8292072975,775.565609470061,1609.46224892699,1182.81045407187,1560.56129886461,2177.24534211157,2025.89652719389,3682.32837857577,7180.41098125253,4349.19626590821
9,4460.52846979228,3649.27158878312,2280.78133306161,618.651075120523,802.451224444975,701.150387768253,671.519619549623,397.735612008175,619.940136216243,556.912677302347,545.332768801317,321.159942370411,293.476460979031,321.943240045518,358.278953855178,443.471130453208,564.069525483108,202.158238923365,439.699112176688,397.531994789734,451.395083445451,260.942186998566,334.693785066472,333.305914123617,136.33779637265,214.698051771554,826.128552728438,419.0592461668,506.811719912683,513.750411120374,626.431943919212,287.487824902004,583.502104652656,409.25232598328,360.381229915462,391.614861292514,320.128926650059,314.177506815981,300.049446935154,333.980486254864,318.069387542885,330.51111426815,513.484729891156,436.533939750923,429.901544444316,1317.50337365956,896.778774614738,1135.92387020223,731.210268948477,1517.41556037336,1115.16439057675,1471.31130251261,2052.72659428522,1910.0335631481,3471.73248939545,6769.75639540002,4100.46156311321
10,4231.62885977075,3462.00300632881,2163.73915718093,586.903942287834,761.272074131132,665.169662297383,637.059447379962,377.325132152055,588.12685301951,528.333755429332,517.348089641452,304.679073329675,278.41621690178,305.42217475145,339.893259565418,420.713654628539,535.123337765103,191.784144829902,417.135203889664,377.131963897725,428.230976486817,247.551494562314,317.51840385387,316.201753870534,129.341390311745,203.680455839658,783.734360016112,397.554507732082,480.803813937417,487.386434396484,594.285522561473,272.734897877402,553.558701061298,388.250846348662,341.887653751701,371.518478176577,303.700965935749,298.054953339473,284.651898896675,316.841709184779,301.747115583091,313.550373926259,487.134387051719,414.13245767389,407.840415020443,1249.89344571603,850.759045523208,1077.63200351776,693.686969514444,1439.54679832817,1057.93783192084,1395.80845892666,1947.3874354625,1812.01694007451,3293.5746279888,6422.35482418665,3890.03939922361
11,4034.69980936339,3300.89035039029,2063.04433925781,559.590952452204,725.844442921432,634.214388501679,607.412350202265,359.765397489134,560.756952084844,503.746470437499,493.272049090799,290.500098145859,265.459447055134,291.208617551538,324.075507332367,401.134730473103,510.220083191259,182.85900730577,397.722811566127,359.5812187852,408.302215636289,236.031088977,302.741919471639,301.486542969397,123.322176903261,194.201694803603,747.2613921817,379.053350308488,458.428449355926,464.704731702848,566.629013092632,260.04252190782,527.797512413332,370.182657236388,325.977087577197,354.228970154821,289.567509337486,284.184247548528,271.404936555698,302.096716420318,287.704586121243,298.958551382654,464.464413988897,394.859805384388,388.860578104389,1191.7266410335,811.166922368667,1027.48180032796,661.40457407917,1372.55401767418,1008.70414448411,1330.85114733911,1856.76106648041,1727.69036344032,3140.30019267579,6123.47505972293,3709.00703785111
12,3862.93096914384,3160.36190119498,1975.21457490869,535.767547132928,694.943145667277,607.214047680617,581.553049669635,344.44914398883,536.883906788852,482.300526233438,472.272031298047,278.132668770722,254.158070620593,278.81102445609,310.278675679896,384.057264817481,488.498538569005,175.074170491959,380.790601166476,344.272806305013,390.919609407157,225.982562859828,289.853320356333,288.651388862647,118.071995154704,185.933966977193,715.448313454499,362.915952871205,438.911824380067,444.920907234943,542.505977176107,248.971759643868,505.327645790887,354.422910859391,312.09930015387,339.148418378836,277.239782965196,272.085702200299,259.850443437315,289.235585464992,275.456169778296,286.231021189319,444.690820541132,378.049481438405,372.305658614943,1140.99139116088,776.633200391043,983.738928360271,633.246668417432,1314.12042338113,965.760691635253,1274.19296485109,1777.71337767491,1654.13758776716,3006.60853096025,5862.78101584859,3551.10388089769
13,3711.384026193,3036.37749956572,1897.72477949417,514.748809146454,667.679777491205,583.392386517668,558.7380970999,330.936033040044,515.821372810568,463.379357069895,453.744290793207,267.221224578825,244.187175738831,267.872967639952,298.106109010255,368.990284623928,469.334214705228,168.205822199006,365.851775706702,330.766613273509,375.583412043443,217.117023497318,278.482062377605,277.327283951099,113.439903601236,178.639577170283,687.380505458594,348.678369118081,421.692840727217,427.466180788895,521.222883320608,239.204329328259,485.503097922994,340.518518292835,299.855308424994,325.84326060551,266.363367645239,261.411487020567,249.656230638302,277.888561891456,264.649727524915,275.001869908743,427.245120643924,363.218193058214,357.699706591187,1096.22906984454,746.165043374124,945.14579054715,608.403719501434,1262.56606364148,927.872859414463,1224.20500231821,1707.97176697013,1589.24398841254,2888.65603966374,5632.77780138809,3411.79025050936
14,3576.37913526723,2925.92657068171,1828.69335481416,496.024363941502,643.392332457929,562.170970206964,538.413502468173,318.897940854309,497.057912149532,446.523521317796,437.238939136143,257.500815151316,235.304650299957,258.128850479625,287.262234475257,355.567935231694,452.261765716702,162.087185992462,352.543592364396,318.734683882283,361.921231784381,209.219198893743,268.352029971706,267.239257636301,109.313426334473,172.141403857931,662.376428944549,335.99488369627,406.353389038906,411.916718727149,502.262937916388,230.503059354034,467.842491443947,328.131854693519,288.9478052074,313.990422541197,256.674163525758,251.902411957765,240.574763469076,267.780118592971,255.022858587107,264.998432595495,411.703699841328,350.005808624266,344.688062004772,1056.35276360419,719.022627072711,910.765272804649,586.272493734863,1216.63910148787,894.120659886158,1179.67345784792,1645.84277668599,1531.43382654412,2783.57861011062,5427.88050503756,3287.68334931539
15,3455.11049575791,2826.71361782898,1766.68562385767,479.20506221102,621.576045683828,543.108755002664,520.156860633446,308.084680300255,480.203564642213,431.382704896755,422.412946341736,248.769421653907,227.325889175136,249.37616142407,277.521684315544,343.511260553811,436.92637565984,156.591098529763,340.5894677605,307.926959081051,349.649128148827,202.124948913678,259.252691128314,258.177650918641,105.606802961978,166.304395794882,639.916425308735,324.60189629565,392.574670176912,397.949357275284,485.23209726629,222.687111616571,451.978786759343,317.005488585978,279.150100349666,303.343567182647,247.970800310987,243.360850330253,232.41730220372,258.700172244669,246.375488178397,256.0128082594,397.743561480052,338.137735741928,333.000304428337,1020.53372495111,694.641851863035,879.882846370545,566.393038842659,1175.38503892041,863.802622597455,1139.67283434361,1590.03518279674,1479.50563615396,2689.19242278316,5243.83075545309,3176.20386914022
16,3345.39635234421,2736.95369158734,1710.58599979621,463.988306340392,601.838418333731,525.86279082619,503.639714662217,298.301709006131,464.955102162182,417.68450797676,408.999576600988,240.869956777808,220.107345734273,241.457430034139,268.709215391383,332.603347839906,423.052144112331,151.618679192524,329.774334132516,298.148996092301,338.546312584088,195.706640248925,251.020338799854,249.979435592713,102.253347279487,161.023538828666,619.596414546329,314.2944346251,380.108789934512,385.312808340281,469.823957939409,215.615868676503,437.626578489492,306.93924448746,270.285922436596,293.711145969385,240.096694987544,235.633130111986,225.037085201366,250.485364691148,238.552040657164,247.883335701112,385.113547418367,327.400454813192,322.426158333237,988.127530244672,672.584080961054,851.942902651675,548.407701711357,1138.06167028002,836.373292932559,1103.48347688445,1539.54494571391,1432.52517236107,2603.79936704659,5077.31729655002,3075.34617233491
17,3245.51118124028,2655.23509713854,1659.51217855589,450.134775551266,583.869027845798,510.161842625522,488.602291954885,289.395165772833,451.072705266948,405.213492840547,396.787871802064,233.678182078321,213.535490691001,234.248114851986,260.686230031887,322.672643430114,410.42086478098,147.091724500568,319.928096999081,289.247012484805,328.43816610531,189.863329266135,243.525499070619,242.515674630833,99.2003179779505,156.215778541491,601.096814689059,304.910388588958,368.759691794284,373.808331221259,455.796189183514,209.17811790883,424.560142985843,297.774806039784,262.215860546727,284.94166547129,232.928007951847,228.597713963912,218.318040462671,243.006497951286,231.429473137912,240.482159041442,373.615019732292,317.625095781189,312.799319357661,958.624512653998,652.502401861507,826.506017559567,532.033618837212,1104.08199412503,811.401277460377,1070.53621913375,1493.57798272101,1389.75355223549,2526.05642782341,4925.72129610617,2983.52402444137
18,3154.06992866577,2580.42468681995,1612.75594701156,437.45237040607,567.41870237649,495.788193822509,474.836076683349,281.241548370362,438.363874248217,393.796730649245,385.608498822647,227.094373095598,207.519195676902,227.648248193354,253.341477827418,313.581443603928,398.857386529784,142.947461615442,310.914223901841,281.097569254436,319.184524498546,184.513989924335,236.664245041495,235.68287208639,96.4053803471312,151.814448315207,584.161101766107,296.319634683467,358.370003935075,363.276399540593,442.954275497146,203.284590496778,412.598295036516,289.385094919145,254.828011485571,276.913524033366,226.365334888227,222.157045565863,212.166998619121,236.159866614795,224.909020819426,233.706650156531,363.088534541779,308.676109015958,303.986297319146,931.61556975083,634.118352754244,803.219471531667,517.043739646707,1072.97483261799,788.54030271458,1040.37419924308,1451.49689474104,1350.59768479592,2454.88558571718,4786.94065416835,2899.46417727214
19,3069.94623704379,2511.60095890101,1569.74136996782,425.78487122576,552.284809654125,482.564792290448,462.171498982371,273.740421945937,426.672063917596,383.293591695412,375.323752074659,221.037431606206,201.984353007719,221.576534039127,246.584487387188,305.217764529991,388.21927242818,139.134842221753,302.621683506748,273.600282965146,310.671403002604,179.592729984196,230.352060968822,229.396862676204,93.8341068273798,147.765333323253,568.580664586859,288.416353483802,348.811747973909,353.58728278045,431.140032402566,197.862690986235,401.593690661719,281.666768111066,248.031373002694,269.527832394121,220.327837921855,216.231789875435,206.508192198254,229.86113505782,218.910365894733,227.473349496614,353.40442841792,300.443262442097,295.878534932342,906.768010035148,617.20548209335,781.796424910602,503.253421393517,1044.35701310899,767.508771151445,1012.62588665394,1412.78333419069,1314.57525482108,2389.41017057079,4659.26589472687,2822.13119612895
20,2992.21346220859,2448.00580226331,1529.9946307615,415.003757496845,538.300645946072,470.345978850045,450.469055261326,266.809159656828,415.868485967999,373.588381193836,365.820342419376,215.440638837046,196.869994963553,215.966090891493,240.340828718306,297.489478125615,378.389340904884,135.611869333287,294.959131342014,266.672569074281,302.805027387965,175.045340497877,224.519416516601,223.588404384934,91.4581741775306,144.023831519389,554.183880616292,281.113488308635,339.979637255503,344.634252820086,420.223322964208,192.852695755331,391.425111305261,274.534806254555,241.751078371786,262.703235254764,214.749012466073,210.756678672581,201.279287987466,224.040921127293,213.367431632285,221.713595646835,344.456028433423,292.835869130659,288.386723102891,883.808131226426,601.577490245255,762.000897311052,490.510760164409,1017.91330293323,748.075015025018,986.985626544583,1377.01086121301,1281.28946595159,2328.90895379484,4541.29064736852,2750.67323827386
21,2920.10133604695,2389.0090410072,1493.12187177101,405.002197215087,525.327639647014,459.010675070808,439.612783890585,260.379078372435,405.846085793167,364.584928459789,357.004098853127,210.248535157152,192.125442446309,210.761323855418,234.548632278706,290.320003404209,369.270185392023,132.343633175041,287.850637793508,260.245779612964,295.507448317098,170.826760561179,219.108514956913,218.199940149703,89.2540388515917,140.552867686099,540.828089520341,274.338673747213,331.786152798661,336.328592467685,410.095971535446,188.204959855949,381.991794676692,267.918537450732,235.924895018412,256.37210644894,209.573576931266,205.677458090963,196.428471829997,218.641551271582,208.225292094788,216.370314165428,336.154663275739,285.778546046557,281.4366241135,862.508419736376,587.07951661454,743.636731272704,478.689486626487,993.381666587824,730.04646173389,963.199344944012,1343.8249999087,1250.41048329034,2272.78241789888,4431.84587404743,2684.38221388903
22,2852.96359525292,2334.08195071421,1458.79264217772,395.690557169592,513.249527676316,448.457294835617,429.50539180448,254.39255220084,396.515043416693,356.202545245144,348.796010881888,205.414589334295,187.708175142716,205.915588210652,229.155988851188,283.645088086969,360.780080722104,129.30084406695,281.232497090988,254.262318190338,288.713265449912,166.899183586482,214.070864207828,213.18317897015,87.2019475589827,137.321335313548,528.39359773058,268.031194434612,324.157865228409,328.595867036559,400.667217574841,183.877830637871,373.209200120858,261.758667209505,230.500609137277,250.477706889201,204.755149463835,200.948608547961,191.912271086039,213.614636754997,203.4378638248,211.395618976382,328.425936751385,279.208046005301,274.965951713734,842.677989195457,573.581631481106,726.53934855766,467.683659439181,970.542253442253,713.261540775689,941.053871033381,1312.92834115146,1221.6615717793,2220.52756120247,4329.95073915678,2622.66402793315
23,2790.25344079091,2282.77718121073,1426.72734976696,386.992999303605,501.967940623579,438.599886814164,420.064559994658,248.80082426255,387.799362760779,348.372961765967,341.129228258187,200.899431605911,183.58221690176,201.389418173182,224.118978396282,277.410368753038,352.849879780687,126.458720207747,275.050808210814,248.673452887565,282.367143998617,163.230621674333,209.36543544504,208.497262155731,85.2851871734274,134.302915393023,516.779133323968,262.139679509009,317.032646444554,321.373097839038,391.860269198847,179.836066073953,365.005798358156,256.005026861696,225.434042978971,244.972030015353,200.254486689472,196.531616230941,187.693903847499,208.91923619379,198.966155918992,206.748993992923,321.206902741529,273.07085598957,268.922005926114,824.155331930529,560.973902182841,710.56950062599,457.403642346923,949.209049357019,697.583548435275,920.368842416903,1284.06924908027,1194.80858774752,2171.71879736761,4234.77536428791,2565.01602058833
24,2731.50468353713,2234.71333133858,1396.68762021644,378.844865717376,491.399010840442,429.365170746696,411.220105041116,243.562325488404,379.634251200323,341.037972669504,333.946755895594,196.66949615729,179.716895229111,197.14916606247,219.400155630836,271.569496316399,345.420629221862,123.796133165474,269.259616296917,243.437635916398,276.421906710597,159.7938026281,204.9572483734,204.107354463692,83.4895084421167,131.475168902489,505.898354032155,256.620331276007,310.357527362105,314.606590597499,383.609655295459,176.049619568126,357.32060505977,250.61484367655,220.687531542377,239.814146464368,196.038130549377,192.393645089735,183.742010648857,204.520443842757,194.776925569906,202.395896068918,314.443894736044,267.321351949154,263.25985588075,806.802749965333,549.162602491117,695.608467160735,447.773013401756,929.223462668536,682.895934058698,900.990485986396,1257.03318435997,1169.65190532572,2125.99328061532,4145.61221291829,2511.00963488062
25,2676.31708187537,2189.56295326987,1368.46879983696,371.190645072314,481.470734666985,420.690232660952,402.911771729773,238.641367204905,371.964081729746,334.147606381408,327.19966128079,192.695965422247,176.085876587419,193.165944027311,214.967372313107,266.082678271925,338.441715289865,121.294943354019,263.819467306013,238.519196873841,270.83705006727,156.56531219914,200.816271039883,199.98354847417,81.8026778235897,128.818831062933,495.677131637063,251.43554770008,304.08703194761,308.250246672224,375.859166351527,172.492694941203,350.101262791594,245.551395589968,216.228737949277,234.968916775508,192.077355990035,188.506504089589,180.029668161093,200.388291752919,190.841632525731,198.30666856089,308.090837934694,261.920363850554,257.94092666659,790.502024195737,538.067264768843,681.55432212134,438.726161369086,910.449336224018,669.098634346047,882.786781507564,1231.63595657113,1146.02013788886,2083.03949363727,4061.85383724001,2460.27693786793
26,2624.3448125085,2147.04312018518,1341.89406040607,363.982373555158,472.120898325156,412.520712599247,395.087497366607,234.007113101591,364.740790595307,327.658685645985,320.845664944557,188.953939976661,172.666407843719,189.414791914775,210.792851194288,260.915532449534,331.86940586093,118.939477511976,258.696271511349,233.887315235806,265.5775775571,153.524919625992,196.91655474602,196.10000308987,80.2141250935823,126.317256405405,486.051416665208,246.552839256461,298.181867256034,302.264235163743,368.560235305607,169.143003357192,343.302532828425,240.782953404459,212.029721962097,230.405979178092,188.347343521634,184.845835152302,176.533613649816,196.496886527626,187.13561697204,194.455687051453,302.107922036184,256.834047361788,252.931888159066,775.151009020896,527.618362054197,668.31899770581,430.206395758582,892.769025296897,656.105190970919,865.643658701699,1207.71841849975,1123.76520116646,2042.58827416171,3982.97538027857,2412.50002212132
27,2575.28731276256,2106.90793412999,1316.80971660579,357.178364755285,463.295430444851,404.809365120412,387.70203311309,229.63276265922,357.922604525901,321.533684155625,314.848020865364,185.421779180482,169.438713747062,185.87401630406,206.852450453264,256.038176544988,325.665692379337,116.716113661306,253.86040077765,229.515204203342,260.613072938104,150.655041906552,193.235546904222,192.434259241764,78.7146634364696,123.955977984795,476.965542303,241.943968580804,292.607882920045,296.613938156629,361.670651450738,165.981173095912,336.885097193924,236.281940572927,208.06620010258,226.098945585891,184.826521976797,181.390468133532,173.23362895821,192.823723643328,183.637446518864,190.82068079288,296.460547027421,252.032987625603,248.203772409962,760.660927440588,517.755466927362,655.825952240181,422.164445611622,876.080282254088,643.840461090169,849.461976567392,1185.14225178327,1102.75839184478,2004.40568730683,3908.52067723239,2367.40258726513
28,2528.88193864154,2068.94251938294,1293.08147189987,350.74219137678,454.947081244431,397.514905219565,380.715838677645,225.494896484508,351.473020323361,315.739809883109,309.174618861979,182.080572554559,166.385513871829,182.524660594031,203.125073976254,251.42449817483,319.797361409682,114.612948358715,249.285964824731,225.379456372513,255.916957250124,147.940314292183,189.753540138169,188.966691273887,77.2962650358417,121.722353990915,468.37086460482,237.584260705618,287.335236947546,291.269105096079,355.153529339356,162.990276353483,330.814598227224,232.024259577106,204.316952471122,222.02475700651,181.496041584448,178.121903692583,170.112046631334,189.349137724028,180.328392664521,187.382188692081,291.118477997394,247.491480732899,243.731266037623,746.954202469673,508.42577542968,644.008300469383,414.557255943069,860.293758918779,632.238781804493,834.155101630045,1163.78658816156,1082.88724368781,1968.28731117505,3838.09111258232,2324.74319069502
29,2484.89802793933,2032.95816533697,1270.59138285235,344.641861824307,447.034354481697,390.60107510879,374.094188534377,221.572946930744,345.359979732608,310.24826384024,303.797258764766,178.913712322188,163.491632005517,179.350076502205,199.592194493573,247.051564623804,314.235243869865,112.619527626455,244.950225995399,221.459514626033,251.465888015584,145.367242978075,186.453226811028,185.680063318789,75.9518796111996,119.605281989019,460.224662929877,233.452045299493,282.337721163837,286.203168994792,348.976475012958,160.155446600888,325.06086195149,227.988747219631,200.763343085441,218.163162308618,178.339347883618,175.02389512745,167.153350555383,186.0558580189,177.192007450632,184.123119405895,286.055161697671,243.186952703425,239.492138035272,733.962703563357,499.582913466258,632.807301661768,407.347014512761,845.330986915957,621.242485893464,819.646949651391,1143.54527733246,1064.05298531492,1934.05361603564,3771.3366096602,2284.30978993293
30,2443.13206129923,1998.78836763923,1249.23538485455,338.849149068333,439.520636926154,384.035883584167,367.806443434615,217.84876662,339.555196908462,305.033635919091,298.691058819231,175.906545003333,160.743677775,176.335574809231,196.237464905833,242.899141751538,308.953603108333,110.726627643846,240.833122254167,217.737240876364,247.23926955,142.923922023846,183.319335937692,182.559167715385,74.6752865138462,117.594966007692,452.489243728462,229.528202056667,277.592211404167,281.392689098182,343.110906426364,157.463566706923,319.59726507,224.1567306525,197.388928926154,214.496293384167,175.341834436154,172.082107543846,164.343850453333,182.928646088333,174.213778409091,181.028392790833,281.247169495833,239.099485918182,235.466773398462,721.6263173425,491.185963948333,622.171127318333,400.5003585825,831.122731525833,610.800692045385,805.870389498462,1124.32466008077,1046.16846812818,1901.54619806545,3707.94828657545,2245.9152943
31,2403.40368904821,1966.28557764336,1228.92126054468,333.339039588631,432.373483584585,377.790981483922,361.825452258345,214.306274164597,334.033606210915,300.073408828284,293.833969936974,173.046085345018,158.129785235664,173.468138591561,193.046399150988,238.949298975611,303.92963246548,108.926074677096,236.916875530197,214.19656196855,243.218850886864,140.599800922214,180.338335060045,179.590528120447,73.460973285524,115.682725298971,445.131204677201,225.795787424702,273.07821607688,276.816893266964,337.531495460489,154.903012861635,314.400215218197,220.511662840161,194.179138931241,211.008316321847,172.490557675473,169.28383800511,161.671414619266,179.953998314562,171.380845245334,178.084645504011,276.673739994714,235.211430281708,231.637790195095,709.891774042262,483.198667997644,612.053849361285,393.987723598711,817.607640062957,600.868311537122,792.765932589552,1106.04173983497,1029.15646497147,1870.62468694211,3647.65242613054,2209.39391247639
32,2365.55244649933,1935.31851511496,1209.56696025867,328.089277804552,425.564026782368,371.841145366882,356.127057512511,210.931161277772,328.772905686163,295.347547986934,289.206374116985,170.320779821699,155.639396757677,170.736186145016,190.006108370564,235.186082702946,299.143039897338,107.210596211581,233.185667926381,210.823176940827,239.388393373909,138.385492443251,177.498183781121,176.762154064793,72.3040352603484,113.860836236405,438.12082632458,222.2397260126,268.777502951307,272.457299655445,332.215706622859,152.463442872583,309.448721277387,217.038821189359,191.121008614178,207.685143025024,169.774001166171,166.617784174397,159.125248964341,177.119899961096,168.68176561457,175.279987617398,272.316400906334,231.507081761968,227.989722989359,698.711677313123,475.588764565683,602.41460364875,387.78280473503,804.731124463493,591.405227035935,780.280649432307,1088.62267105578,1012.94826359694,1841.16418928788,3590.20549062627,2174.59813295411
33,2329.43502103529,1905.76993236327,1191.09920462063,323.079987034359,419.066484510483,366.163847925378,350.689683898381,207.710649085464,323.753177236139,290.838160310414,284.790750326291,167.720309864125,153.263083216211,168.129373733719,187.105081396107,231.595244619954,294.575702376427,105.573697091734,229.625372320558,207.604313461169,235.733394108332,136.272612757992,174.788128701935,174.063336740431,71.2000920321482,112.122400771942,431.431565931119,218.846553837835,264.673788639827,268.297401942332,327.143413239683,150.135620024229,304.724035869452,213.72505680476,188.202959262345,204.51419127365,167.181879464567,164.073851821594,156.695713179826,174.415620546573,166.10632024419,172.603800117316,268.158654445491,227.97241493084,224.508759445802,688.043697001142,468.32744098727,593.216894006787,381.862108887859,792.44443158149,582.375609350592,768.367268167557,1072.00150155328,997.482496408591,1813.0531615776,3535.38997410699,2141.39621172955
34,2294.92296467177,1877.53474283118,1173.45231491853,318.293352240185,412.857748914561,360.738898423131,345.493993944588,204.633284160576,318.95656870242,286.529208615837,280.571394843818,165.235427162926,150.992393491604,165.638430492004,184.333001017504,228.164014272823,290.211376627078,104.009555850775,226.223326880158,204.528523965956,232.240854453538,134.253647622738,172.198531784673,171.484478075492,70.1452175380706,110.461236335024,425.039633816267,215.604203425478,260.752478696,264.322405870579,322.296576210649,147.911265649173,300.20935612682,210.55858461724,185.414613127256,201.484183897338,164.704973951025,161.642993707625,154.374166866514,171.831542573749,163.645349822247,170.046565412585,264.18571400585,224.594859101906,221.182519868339,677.849893509291,461.388873096781,584.428009707857,376.204579699011,780.703865031777,573.74734555566,756.983420055281,1056.11911981295,982.704160963811,1786.1916297738,3483.01093071166,2109.67006951547
35,2261.90076874957,1850.51844595197,1156.56722864544,313.713352998289,406.917039931067,355.548140056133,340.522598157623,201.688766847456,314.36702628008,282.406271240597,276.534185877189,162.857815045631,148.819727795457,163.255019463332,181.680589338231,224.880907651076,286.035455654846,102.512937452704,222.968145273888,201.585514072355,228.899085202474,132.321839748002,169.720725888072,169.016946868651,69.1358812107929,108.871783161991,418.923636774691,212.501822928717,257.000448858289,260.519007496145,317.658973620707,145.782935039145,295.889571834142,207.528806737387,182.746637872409,198.584979741772,162.334994651982,159.317073975315,152.15284002371,169.359017372758,161.290617708458,167.599724675274,260.38428252338,221.363109908337,217.999871640884,668.096149120532,454.749838149523,576.01853516946,370.791281941793,769.470130224483,565.491557650602,746.091004409211,1040.92236897272,968.563795541331,1760.48969081507,3432.89305262875,2079.31352184952
36,2230.26423489614,1824.63579439156,1140.3906665308,309.325537560261,401.225612222488,350.575193884127,335.759809774811,198.867806004087,309.970068108121,278.456338651174,272.666384400658,160.579971185206,146.738230489516,160.971620022759,179.139476927589,221.735565226604,282.034762741554,101.079119461683,219.849556088344,198.765997394867,225.697541722725,130.471093499283,167.346892533236,166.652957061808,68.1688981863248,107.349025885777,413.064276364219,209.5296230834,253.405859956342,256.875205560187,313.215971959606,143.743912451002,291.751052326328,204.62616299164,180.190614957731,195.807430646257,160.064463325029,157.088753407991,150.024723467577,166.990243127432,159.034693771443,165.255557134075,256.742364945578,218.266969875462,214.950772222158,658.751686829781,448.389387307369,567.961935101116,365.605134474238,758.707780186682,557.582195288373,735.655651256303,1026.36329714261,955.016781574049,1735.86624469773,3384.87819770001,2050.23078155661
37,2199.9190898417,1799.80966079447,1124.87442426087,305.116830735553,395.766505982094,345.805241093578,331.19143622891,196.161995488261,305.752591751687,274.667640498063,268.956464806089,158.395107866228,144.741698948739,158.781427899866,176.702091559842,218.718614237008,278.197376277709,99.7038292633072,216.858266282737,196.061572094733,222.626683779148,128.695893863429,165.069957966975,164.385464234427,67.2413869653228,105.88842686303,407.444092357787,206.678747072305,249.958000524394,253.380141947701,308.954331588135,141.788121829528,287.781465286324,201.84200383204,177.738927725883,193.143259830652,157.886614045262,154.951391864008,147.983475653016,164.718161160152,156.870855614657,163.007077436547,253.249108772613,215.297212858409,212.026135642964,649.788661203071,442.288567150807,560.234201751688,360.630683167223,748.384744340317,549.995689469438,725.646264431996,1012.39851994579,942.022750502372,1712.24791635516,3338.82328712319,2022.33518538106
38,2170.77980209179,1775.97006967354,1109.97476741331,301.075369770376,390.524334052753,341.224836990454,326.804601001586,193.563708642839,301.702709738992,271.029497873174,265.39397023237,156.297066784806,142.824505705336,156.678269770879,174.361563166889,215.821551037756,274.512480121274,98.3831904343217,213.985844541711,193.464615419213,219.67785578388,126.99123722363,162.883504371351,162.208077181263,66.3507332442232,104.485869217163,402.047243580922,203.941159353493,246.647152349884,250.023965395382,304.862040552842,139.910050540185,283.969621948635,199.168481766233,175.384665797215,190.584958004394,155.795308278714,152.898964929025,146.02334307396,162.536367330622,154.793004196194,160.847947968273,249.894667835667,212.445468234616,209.2177184582,641.181808858885,436.43018177372,552.813553561686,355.853906922687,738.471925949098,542.710656701341,716.034631258045,998.988675953575,929.545077064016,1689.56813464671,3294.59850951258,1995.54810618088
39,2142.7685665886,1753.05336673559,1095.65191228878,297.190363525745,385.485099267016,336.821751399154,322.587590767127,191.066007760216,297.809608445944,267.532196541219,261.969388432714,154.280245943766,140.981531645469,154.65652997555,172.111642284143,213.036640155982,270.970235199965,97.1136767258586,211.224621187767,190.968193212401,216.84318404644,125.352571961827,160.781693678192,160.114982042795,65.4945588810188,103.137607967184,396.85931986222,201.309550270924,243.464475109197,246.79771454793,300.928171992946,138.104683928994,280.305344278238,196.598458200421,173.121543037108,188.125694224217,153.784962012234,150.925992400585,144.139091963891,160.43903601275,152.795591427471,158.772403619463,246.670085413724,209.704121536729,206.518021889472,632.908148568239,430.798588651939,545.680176595839,351.262051230122,728.942856713095,535.707645156688,706.795087631705,986.097959428488,917.550444517972,1667.7663420961,3252.08577991676,1969.79801955012
40,2115.81442988537,1731.0015031644,1081.86957859047,293.451971143917,380.636037065566,332.584831148692,318.529723689981,188.662566076027,294.063426509755,264.166877714666,258.674044820726,152.339536664837,139.20810845089,152.711087375725,169.946629782709,210.35682731427,267.561668882552,95.892072414951,208.567601944832,188.565981948862,214.115488243408,123.775747281157,158.759201926935,158.100876935267,64.6706951558723,101.840227919829,391.867180008056,198.777253866041,240.401906968709,243.693217198242,297.142761280736,136.367448938701,276.779350530649,194.125423174331,170.94382687585,185.759239088288,151.850482967874,149.027476669737,142.325949448337,158.42085459239,150.873557791546,156.775186963129,243.56719352586,207.066228836945,203.920207510222,624.946722858016,425.379522761604,538.816001758879,346.843484757222,719.773399164085,528.968915960419,697.904229463328,973.69371773125,906.008470037256,1646.7873139944,3211.17741209332,1945.0196996118
41,2089.85253341606,1709.76141652041,1068.59460248862,289.851197094008,375.96547936107,328.503881122269,314.62123550121,186.347600293151,290.455149655877,260.925443573289,255.500009954493,150.470269103745,137.49996881055,150.837260737545,167.861316087232,207.775664195611,264.278579284254,94.7154380083128,206.008393343141,186.252201292184,211.488204839092,122.256968937019,156.811162483702,156.160915405218,63.8771596413583,100.590607245955,387.058811649569,196.338176784218,237.452078603995,240.70300312946,293.496699747167,134.694165336357,273.383156260573,191.743425931413,168.846277169821,183.47989829861,149.987216292904,147.198849420705,140.579552641376,156.476966807424,149.022278382532,154.851492183756,240.57852581837,204.525442688867,201.418024312772,617.278374496031,420.159944440314,532.204512085642,342.587575299789,710.941489235446,522.478254001755,689.340663067856,961.746103074927,894.891380671011,1626.58056941935,3171.77497001721,1921.15352337307
42,2064.8234564707,1689.28449321216,1055.79660066723,286.379800046239,371.462736339126,324.569560979584,310.853180585329,184.115811996253,286.976519382365,257.800475232329,252.440019210439,148.66816494416,135.853203192251,149.03076131002,165.850928402303,205.287243121218,261.113452180713,93.5810804649367,203.541137952662,184.021555539507,208.955320596153,120.79276080094,154.933116741747,154.290657334354,63.1121361202481,99.3858858560564,382.423209555998,193.986736548379,234.608238547729,237.820228440827,289.981642409999,133.081003367084,270.108988373508,189.447014636995,166.824093118244,181.282454977125,148.190897405619,145.435925353332,138.895904449102,154.602923553282,147.237516054774,152.996916393838,237.697241929756,202.075947827152,199.005745384905,609.885552426085,415.127907293862,525.830575422327,338.484582076296,702.426912750645,516.220803673279,681.084788444352,950.227770163455,884.173732001347,1607.09985985785,3133.78827071256,1898.14486673749
43,2040.67264371361,1669.52610013446,1043.44767759956,283.030213471826,367.11799346852,320.77329516843,307.217345794836,181.962336604831,283.619953394332,254.785161266133,249.487402793165,146.929296178768,134.264222176724,147.287651505564,163.911084729527,202.886140133695,258.059388613094,92.486527250311,201.160457950382,181.869182600709,206.511314641794,119.379931370234,153.120971165535,152.48602616176,62.3739570873805,98.2234378450727,377.950269606092,191.717807775288,231.864188143478,235.038609610935,286.589927575063,131.524446856757,266.949710236788,187.23118385323,164.872867010441,179.162119404329,146.457610908736,143.734861860298,137.271335060099,152.794640018565,145.515380600572,151.207417214787,234.917061588075,199.712405141026,196.678112734611,602.7521426744,410.272443100118,519.680298637559,334.525561881486,694.211110672158,510.182925746352,673.118610442124,939.113612736637,873.832163002128,1588.30272363018,3097.13451539553,1875.94357823569
44,2017.3499046817,1650.44517519514,1031.5221696289,279.795476226102,362.922221460716,317.10719425084,303.706175101132,179.882698744567,280.378476042422,251.873235218749,246.6360245454,145.25004907293,132.729723527567,145.604308775769,162.037753666184,200.567365236552,255.110041595629,91.4295036528851,198.861405783063,179.7906093926,204.151107818144,118.0155444885,151.370959735819,150.743271484698,61.6610884516304,97.1008474018015,373.63069609085,189.526675154244,229.214224677963,232.352365851424,283.314506546316,130.02126095391,263.898756206666,185.091328618194,162.988543788598,177.11448507741,144.783754668743,142.092123774264,135.702468277849,151.048358210159,143.852293060622,149.479275691327,232.232206994448,197.429902692194,194.430289052194,595.863320516752,405.583461184334,513.740900163978,330.702287039585,686.27700883709,504.352072242055,665.425573669555,928.380533240204,863.84518172016,1570.15009633789,3061.73752986146,1854.50351892555
45,1994.80897480573,1632.00386817554,1019.99642050767,276.669171664564,358.867097297381,313.56398590003,300.312703507551,177.872773104552,277.245657312,249.058920795891,243.880228279584,143.627092558031,131.246663309036,143.977393927662,160.227219145538,198.32631875041,252.259560603256,90.4079128888578,196.639420894676,177.781712716188,201.870018258643,116.696893665251,149.679611011067,149.058936256623,60.9721161183537,96.0158876795929,369.455920410861,187.408992205757,226.653091503669,229.756168546724,280.148881976139,128.568463836888,260.950074203507,183.023204169703,161.167385581191,175.135490169842,143.166008310715,140.504452448388,134.186191991644,149.360614084862,142.244954421523,147.809063764557,229.637352288949,195.223912753772,192.257815401928,589.205420817617,401.051660163504,508.000598207368,327.00717344294,678.608868622155,498.716676683346,657.990417696389,918.007240808676,854.192977301057,1552.60596919656,3027.52709824568,1833.78215884924
46,2046.35812453147,1667.08877456404,1037.78115888716,284.086186580338,364.506764535622,316.718543527379,323.216889077807,186.786798384576,281.850259440588,263.346063565978,257.291020920196,145.658963352135,135.966941568882,146.530779842453,173.255917498932,204.068220299762,255.956693726394,91.9706499326951,202.334739194264,180.805177378787,206.229940808476,140.427968239437,183.622197030122,192.163608267233,63.0033905921596,98.613979467355,550.813707557945,192.660094797487,230.788866542528,236.684950605453,288.238768599824,134.551097998047,266.585128879538,242.759128549292,207.58902071045,221.426691305377,182.999176770906,178.720695462116,168.898950286183,186.817712237423,178.693927950034,187.581557849276,238.80157117581,207.996746816573,203.508787623885,616.87121571212,417.890723636499,540.639394122475,378.543908139576,758.448649134321,581.234689216885,691.815181926032,1066.86727080999,882.621727164849,1589.09010001352,3240.66401225695,1879.75060913547
47,2024.47131210634,1649.25843545208,1026.68157602793,281.04774428438,360.608184376341,313.331082031444,319.759924561638,184.789021176997,278.835731491448,260.52944714529,254.539166175886,144.101068685161,134.512707869285,144.963560666848,171.402859755821,201.885609736104,253.21911027148,90.9869783360361,200.17066906854,178.871376566826,204.024209574627,138.926021652838,181.658266799479,190.108323418182,62.3295381635416,97.5592541750303,544.922482481556,190.599499779396,228.320465449254,234.153487976477,285.155912384987,133.112007445824,263.733869053035,240.16269958246,205.368753444746,219.058423307503,181.041910050129,176.809189215396,167.092492462697,184.819604390895,176.782707995097,185.575280296073,236.247470242794,205.772118718471,201.332160469433,610.273472908991,413.421175626897,534.856988361263,374.49519378562,750.336665645851,575.01809669314,684.4158763313,1055.45659759556,873.181651181461,1572.09399530991,3206.00350756872,1859.64574650416
48,2003.27207544543,1631.98823770758,1015.93068735124,278.10475486859,356.832078389193,310.050037878592,316.411560830861,182.854004282046,275.915905151576,257.80131492917,251.873761143488,142.592115389612,133.104159024474,143.445575792769,169.6080159531,199.771566038061,250.567528194911,90.0342088523334,198.074583359258,176.99832624449,201.887771543886,137.471258824753,179.756033576285,188.117605488395,61.6768548567482,96.5376631525493,539.216330658661,188.603638499905,225.929609351347,231.701551425484,282.169904316729,131.718126025337,260.97218175615,237.647837615721,203.218236032621,216.764554616704,179.146131002165,174.957733072952,165.342784639822,182.884267244042,174.931529150559,183.63203009446,233.773606571687,203.617377469809,199.223912211371,603.882998663835,409.09203878493,529.256237287041,370.573670080167,742.479520693853,568.996798864315,677.249020446474,1044.40439148923,864.03813585444,1555.63182444067,3172.43186509287,1840.17247955795
49,1982.72515203168,1615.24945432247,1005.51060997755,275.252323005078,353.172165451705,306.869953425358,313.166228263555,180.978529019383,273.08592362222,255.157128980221,249.290372225137,141.129593493447,131.738952073781,141.974300225171,167.868400572412,197.722572734584,247.997536891733,89.1107566580052,196.042995466441,175.182910805776,199.817072994782,136.061259922813,177.912333212104,186.188143145199,61.0442550073938,95.5475070995345,533.685760555234,186.669191070965,223.612321331841,229.325062435126,279.275777510528,130.367135173511,258.295473236429,235.210359462461,201.133891333157,214.541269643526,177.308686214365,173.163247348244,163.646916377766,181.008481583821,173.137312191134,181.748574868927,231.375865171874,201.528938903794,197.180536018707,597.689163150178,404.896112084249,523.827824687935,366.772814014923,734.86414481208,563.160779986882,670.302693022598,1033.69226840423,855.175971986852,1539.67620445847,3139.89324222362,1821.29841673392
50,1962.79776032302,1599.015379443,995.404719218209,272.485897787937,349.622606364133,303.785755013259,310.018749101284,179.159603166281,270.341271815808,252.592670638007,246.784877758878,139.711169619444,130.414908900892,140.547386620806,166.181238148369,195.735360763985,245.505036075188,88.2151484333556,194.072664097822,173.422233850267,197.808810236041,134.693775367489,176.124224179399,184.316858032302,60.4307293354926,94.5872062737709,528.321948435829,184.793071182841,221.364904278854,227.020229441469,276.468914538376,129.056879455074,255.699472945375,232.846376253724,199.112393883359,212.385021253032,175.526644139638,171.422869033118,162.002182007381,179.18925469228,171.397194537468,179.921909665133,229.050420572311,199.503471025883,195.198771791556,591.682084427285,400.826701143177,518.563089815451,363.086561522755,727.478388066465,557.500728997841,663.565811557438,1023.30313770823,846.58102045958,1524.2016790058,3108.33572528939,1802.99344545163
51,1943.45937974396,1583.2611491374,985.597537001296,269.801242190519,346.177964660547,300.792718917692,306.964302699338,177.394440875769,267.677746053612,250.104012206139,244.353440356752,138.33467132509,129.130001615745,139.162649534384,164.54394464143,193.806886534113,243.086208258247,87.3460124746097,192.160571515396,171.713598744368,195.859907434355,133.366710734372,174.388967829905,182.500884109865,59.8353381718264,93.6552898890021,523.116679144385,182.972405390804,219.183916072974,224.783522387471,273.745016439601,127.785352096679,253.180204877293,230.552267338647,197.150647579811,210.292506958739,173.797275421803,169.733932583154,160.406062471468,177.423800261382,169.708511044369,178.149236782602,226.793711147447,197.537871651596,193.275584281474,585.852562118993,396.877573296363,513.453969259161,359.509266779604,720.310938512642,552.007977024918,657.02805791692,1013.22108752213,838.240117338739,1509.18454746852,3077.71098114191,1785.22953001698
52,1924.68155406218,1567.96358121439,976.074632156922,267.194405769142,342.833171585362,297.886440916178,303.998394470591,175.680444729309,265.091426984288,247.687491648791,241.992482183101,136.998073107003,127.882339490207,137.818051339223,162.954110790682,191.934312314554,240.737494160131,86.5020698569547,190.303904094179,170.054491248724,193.967496798874,132.078113261214,172.704010751375,180.737549190542,59.2572054042924,92.7503866396507,518.062293179548,181.204514603471,217.066147412014,222.611649981223,271.100075025576,126.550682058618,250.733961954588,228.324656959059,195.245765732581,208.260647646929,172.118035312206,168.093952745371,158.856209096201,175.709520442708,168.068776831079,176.427947751037,224.602416172086,195.629248421244,191.408143537402,580.192018141919,393.042917441939,508.492944999606,356.035665832275,713.351249320756,546.674441538884,650.679811862386,1003.43128221058,830.140989069364,1494.60271228875,3047.9739457785,1767.98053100726
53,1906.43771526825,1553.10103174483,966.822531100348,264.661700213149,339.583494721981,295.062809029906,301.116828067761,174.015189660947,262.578655326377,245.339689925761,239.698662810764,135.699483864764,126.670157256047,136.51168961605,161.409487202537,190.114988673457,238.45557067734,85.6821265190659,188.500034908225,168.44256395718,192.128900831978,130.826159761968,171.066968964092,179.024358400886,58.6955130555023,91.871216213584,513.151639288764,179.486897501473,215.00860194812,220.501539325601,268.530348072383,125.351122454659,248.357283084046,226.160393356363,193.395053199017,206.286568519518,170.486547919845,166.500609176588,157.350429054797,174.043989768946,166.475671901941,174.755607186064,222.473435268871,193.774900898642,189.593807390641,574.692443614299,389.317308075668,503.672997878048,352.660844018963,706.589473499409,541.492576329472,644.512091509364,993.919870561837,822.272176512376,1480.43554219954,3019.0825454336,1751.22204348998
54,1888.70302547882,1538.65326626628,957.828637655428,262.19967739707,336.424509831851,292.317979054798,298.315680412429,172.396408526598,260.136010093205,243.057410646966,237.468859343362,134.437135647639,125.491804600451,135.241785832368,159.907970965377,188.346438711692,236.237331109031,84.8850661576678,186.746508098709,166.875622328197,190.34161639643,129.609145777645,169.47561373465,177.358979335226,58.1494964152868,91.0165816734271,508.378031913689,177.817215652985,213.008478457553,218.450317632538,266.032337052158,124.185040156934,246.046932561096,224.056530016528,191.595990345913,204.367581987138,168.900592073286,164.951732635881,155.88667231878,172.424940720793,164.927027340924,173.129938297127,220.403869959034,191.972304501764,187.830105732232,569.346351197953,385.695673005672,498.987565827925,349.38020672383,700.016405299681,536.455326600527,638.516499879532,984.673903364063,814.622966755278,1466.66374945547,2990.9974462126,1734.93125179772
55,1871.45423472304,1524.60134392725,949.081160933075,259.805109637796,333.352075522738,289.648352550869,295.59127923279,170.821979123135,257.760289005447,240.837661770973,235.300148534637,133.209373531885,124.345736716873,134.006675159175,158.447593608983,186.626343880949,234.079867369081,84.1098438359515,185.041024812499,165.35161211963,188.603300383246,128.425475817151,167.927858814961,175.739228701091,57.6184396622183,90.1853626032965,503.735212910902,176.193280124637,211.063154801818,216.455295774391,263.602767101678,123.050906445191,243.79988154323,222.010308799329,189.846218622915,202.501172280896,167.358088602969,163.445292564224,154.463019920193,170.850250743889,163.420812893125,171.548809851329,218.391007066667,190.219096047822,186.114726369937,564.146732228268,382.173264310743,494.430506302635,346.189453069765,693.623427506062,531.556088576587,632.685176822407,975.681259262432,807.183331773567,1453.26927939735,2963.681828879,1719.08679889314
56,1854.66955276046,1510.92751306206,940.56905032552,257.474971899659,330.36231041633,287.050557003242,292.940182817617,169.289912488214,255.448490836266,238.677639109219,233.189790671952,132.01464649679,123.23050578818,132.804797292393,157.026510251923,184.952531201076,231.980453953174,83.35548022261,183.381430528075,163.868608063248,186.911756793619,127.273654560991,166.421748940314,174.163060282239,57.1016719171318,89.3765089317022,499.21731704939,174.613039413448,209.170173471237,214.513953458197,261.238568967326,121.947288578631,241.613291351339,220.019144732118,188.143527559323,200.68498158239,165.857088878291,161.97938588958,153.077673371912,169.317930546709,161.955125771536,170.010224423489,216.432303760388,188.513060724524,184.44550228061,559.087018073899,378.74563216402,489.996062410334,343.084552206701,687.402463927859,526.788673094823,627.010755680618,966.930577931454,799.943873144047,1440.23521091302,2937.1011858619,1703.66866862304
57,1838.32853332287,1497.61511688724,932.281936801234,255.206425724281,327.451572528858,284.521427906051,290.359161732568,167.798342334146,253.197799467636,236.574711429085,231.135215021888,130.851499185055,122.144753295295,131.634688163934,155.642989800841,183.322961716372,229.936533459873,82.621056389254,181.76570360988,162.424803636963,185.264925072932,126.152278917562,164.955449442259,172.628554068372,56.598563679156,88.5890353531648,494.818840852193,173.074568548455,207.327228529714,212.6239258369,258.936862700035,120.872842184632,239.484498389555,218.080612277451,186.485843021219,198.916797498067,164.395764455734,160.552226917045,151.728945113388,167.826113532688,160.5281805487,168.512307785047,214.525374044846,186.852120324142,182.820400098145,554.161045241677,375.408601193796,485.678832331115,340.061721898196,681.345936495373,522.147272725829,621.486324155388,958.411199724561,792.895772116794,1427.54566654583,2911.22313793854,1688.65807938479
58,1822.41196938172,1484.64850817988,924.210079791293,252.996804691042,324.616440615649,282.057992552791,287.845182277948,166.345515488145,251.005569465254,234.526406975847,229.134006662086,129.718564447971,121.087203058403,130.494972442257,154.295406083213,181.735720051377,227.945703490757,81.905709103354,180.191944952832,161.018501811226,183.66086955591,125.060030836049,163.527236850822,171.1339064202,56.1085236012009,87.8220162811522,490.534614405751,171.576059230369,205.532153802962,210.782991395827,256.694942903231,119.826304372425,237.411000501426,216.192432908682,184.871216587063,197.194541726611,162.972397712965,159.162138181926,150.415249866404,166.373046238884,159.138300011166,167.053299303639,212.667976538856,185.234322598235,181.237509697891,549.363023805138,372.158249095872,481.473741647085,337.117409147554,675.446726442494,517.626432026036,616.105388899441,950.113111071845,786.030744442577,1415.18573116507,2886.01726837713,1674.03738792074
59,1806.90179822105,1472.01297194428,916.34431904849,250.843601238811,321.853697262277,279.657455344284,285.395391495231,164.929783227614,248.869313003985,232.5304012565,227.183894545963,128.614556588548,120.056654929684,129.384356735057,152.982229810305,180.189004944496,226.00570477703,81.2086265618802,178.658368596362,159.648106661783,182.097769899965,123.995670792209,162.135490376589,169.677421155306,55.6309955673381,87.0745812735465,486.359775808611,170.115810894402,203.782912172605,208.98906097327,254.510265361929,118.806487491505,235.390444603491,214.352463848781,183.297815917993,195.516259787338,161.585373359822,157.807542159197,149.135096800139,164.957079669831,157.783906870175,165.631543241516,210.858003397805,183.657831609042,179.695034756234,544.687508788931,368.990887248326,477.376018263033,334.248272637826,669.698139123574,513.221020575225,610.861843424879,942.026894989913,779.34099942955,1403.14137825075,2861.45497260799,1659.79000211982
60,1791.78101524923,1459.69465519769,908.676030938182,248.744454700833,319.160313532308,277.317184449167,283.007103553846,163.549593413077,246.786687996923,230.584505948182,225.282740666154,127.538265226667,119.051979066667,128.301623417692,151.70202128,178.681120653077,224.114410399167,80.5290445176923,177.1632932025,158.312115754545,180.573912399231,122.958031873846,160.778684176923,168.257501454615,55.1654560392308,86.3459108792308,482.289747972308,168.692222595833,202.077585855833,207.240167791818,252.380434902727,117.812273464615,233.420615457273,212.558687845833,181.763916014615,193.880111694167,160.233170730769,156.486953736154,147.8870824175,163.576661429167,156.463516235455,164.245480855,209.093470255833,182.120918969091,178.191284179231,540.1293741875,365.903043110833,473.381169635833,331.451166788333,664.093872069167,508.926208496154,605.749938965385,934.143686147692,772.819202769091,1391.39940296455,2837.50932173364,1645.90030184636
